customer_id,name,age,city
1,Jeremiah Young,52,Joshuamouth
2,Angela Ellis,38,East Jason
3,Jessica Cole,31,Thompsonstad
4,Laura Wood,69,Port Laura
5,Cristina Meadows,69,South Jessica
6,Elizabeth Lee,44,Port Lauren
7,Scott Fox,56,Valeriefurt
8,Jon Vaughan,19,Miketon
9,Jonathan Kelly,34,Powersville
10,Mark Whitaker,43,Port Richardtown
11,David Clark,41,Petersburgh
12,Mrs. Gloria Martin,46,Alvarezside
13,Travis Clark,68,Normanmouth
14,Joshua Ruiz,59,South Benjamin
15,Veronica Santiago,50,Mccallstad
16,Theresa Lopez,59,East Keithberg
17,Kevin Thomas,37,North Brianbury
18,Curtis Thomas,49,Lake Jamesfort
19,Shane Williams,49,Lake John
20,Jeremy Roberts,52,Jeffreybury
21,Ashley Jefferson,25,Port Robertside
22,Julia Reyes,49,New Andrew
23,Bryan Sanders,37,East Tanya
24,Kenneth Brown,22,East Jason
25,Trevor Garcia,59,Frystad
26,Robert Robinson,38,New Pamela
27,Michael Hubbard,31,Rebeccaberg
28,David Rowland,19,East Dawn
29,Joel Ayala,63,New Tracey
30,Kelly Sanders,30,East Lisashire
31,Bryan Ross,42,South Vickie
32,Zachary Holmes,23,Christopherside
33,Cathy Hall,22,Port Judith
34,Sabrina Atkins,56,Johnnyview
35,Mitchell Savage,22,South Andrewchester
36,Beverly Clarke,55,New Ryan
37,Lisa Delgado,22,Lake Timothyport
38,Todd Hernandez,47,Brownfurt
39,Holly King,47,Hansonburgh
40,Alison Vega,57,North Matthewtown
41,Wayne Bird,50,Lake Samuel
42,Allison Fowler,29,Port Williamland
43,Michael Hanson,58,Williammouth
44,Erin Moore,45,Angelafurt
45,James Blake,26,North Claudiatown
46,Jeffrey Sanders,69,West Lawrence
47,Charles Brewer,21,North Teresa
48,David Bray,38,Port Arielside
49,Richard James,51,Ryanmouth
50,Gail Page,49,North Brianberg
51,David Miller,37,Kevinton
52,Brandon Bird,45,Angelastad
53,Natasha Parks,33,West Erin
54,Mark Duke,46,West Deborah
55,Jennifer Yu,58,Everettshire
56,Leslie Matthews,23,Port Aimeefurt
57,Corey Valdez,49,Lake Charles
58,Virginia Miller,22,North Tanya
59,Rachel Garcia DDS,70,South Cassie
60,Dr. Jonathon Nunez,40,New Gabrielleside
61,Tyler Dean,44,East Megan
62,Steven Cooper,50,Pamelaborough
63,Dana Bradley,35,East Elizabeth
64,Katherine Ayala,64,West Katherine
65,Richard Bass,66,Susanburgh
66,Sabrina Garza,62,West Julietown
67,Margaret Stevens,58,Cochranside
68,Bonnie Hughes,34,Lindseyhaven
69,Mary Brown,36,Jessicamouth
70,Robyn Byrd,35,Millermouth
71,Michele Wilson,70,North Kelly
72,Janet Torres,70,East Morgan
73,Stephanie Lewis,40,Lake Thomastown
74,Sharon Bradford,53,South Ryanchester
75,Stephanie Myers,47,Johnsontown
76,Mitchell Rodriguez,20,East Emily
77,Jean Martin,49,West Patricia
78,Daniel Turner,28,Alanborough
79,Sarah Davidson,24,Port Jenniferside
80,Chad Morris,66,Bryanville
81,William Alexander,30,Aliciastad
82,Joshua Fischer,50,Lukeborough
83,Richard Bray,61,South Deanna
84,Todd Clarke,70,Cochranside
85,William Mejia,20,East Taylor
86,Bradley Perez,27,Brownmouth
87,Samuel Baker,22,New Scott
88,Joseph Mcbride,58,Pamelaview
89,Rachael Pierce,23,Terranceside
90,Michael Colon,48,New Nicholas
91,Helen Chambers,61,West Andrewbury
92,David Lowery,27,North Lisafurt
93,Marilyn Brady,21,North Jackieshire
94,Lisa Brown,36,Lake Russellland
95,Vanessa Smith,41,New Leslie
96,Matthew Cooper,58,Kevinville
97,April Byrd,46,Guzmantown
98,Jessica Gonzalez,34,East Kimberlyborough
99,Robert Escobar,19,South Ashley
100,Todd Johnson,36,North Daniel
